{
  "annotations": {
    "list": [
      {
        "builtIn": 1,
        "datasource": "-- Grafana --",
        "enable": true,
        "hide": true,
        "iconColor": "rgba(0, 211, 255, 1)",
        "name": "Annotations & Alerts",
        "target": {
          "limit": 100,
          "matchAny": false,
          "tags": [],
          "type": "dashboard"
        },
        "type": "dashboard"
      }
    ]
  },
  "editable": true,
  "gnetId": null,
  "graphTooltip": 0,
  "id": 26,
  "iteration": 1675339519620,
  "links": [],
  "panels": [
    {
      "datasource": null,
      "description": "This is informational, but good for identifying spikes or large increases in this�. \nindicating large data loads, which could correspond with some behavior you are investigating. is in itself not an indication of any issue.",
      "fieldConfig": {
        "defaults": {
          "color": {
            "mode": "thresholds"
          },
          "mappings": [],
          "thresholds": {
            "mode": "absolute",
            "steps": [
              {
                "color": "#33a2e5",
                "value": null
              },
              {
                "color": "#33a2e5",
                "value": 80
              }
            ]
          }
        },
        "overrides": []
      },
      "gridPos": {
        "h": 4,
        "w": 8,
        "x": 0,
        "y": 0
      },
      "id": 50,
      "options": {
        "colorMode": "background",
        "graphMode": "none",
        "justifyMode": "auto",
        "orientation": "horizontal",
        "reduceOptions": {
          "calcs": [
            "mean"
          ],
          "fields": "",
          "values": false
        },
        "text": {},
        "textMode": "value_and_name"
      },
      "pluginVersion": "7.5.4",
      "targets": [
        {
          "exemplar": true,
          "expr": "neo4j_database_[[Database]]_ids_in_use_node{hostname=\"$leader\"}",
          "hide": false,
          "interval": "",
          "legendFormat": "Node Count",
          "refId": "A"
        },
        {
          "exemplar": true,
          "expr": "neo4j_database_[[Database]]_neo4j_count_node{hostname=\"$leader\"}",
          "hide": true,
          "interval": "",
          "legendFormat": "Node Count",
          "refId": "B"
        },
        {
          "exemplar": true,
          "expr": "neo4j_database_[[Database]]_ids_in_use_relationship{hostname=\"$leader\"}",
          "hide": false,
          "interval": "",
          "legendFormat": "Relationship Count",
          "refId": "C"
        },
        {
          "exemplar": true,
          "expr": "neo4j_database_[[Database]]_neo4j_count_relationship{hostname=\"$leader\"}",
          "hide": true,
          "interval": "",
          "legendFormat": "Relationship Count",
          "refId": "D"
        },
        {
          "expr": "neo4j_[[Database]]_ids_in_use_relationship_type{hostname=\"$leader\"}  ",
          "hide": true,
          "interval": "",
          "legendFormat": "Relationship Type IDs in Use",
          "refId": "E"
        }
      ],
      "timeFrom": null,
      "timeShift": null,
      "title": "Nodes and Relationship Count",
      "type": "stat"
    },
    {
      "aliasColors": {},
      "bars": false,
      "dashLength": 10,
      "dashes": false,
      "datasource": null,
      "fieldConfig": {
        "defaults": {},
        "overrides": []
      },
      "fill": 3,
      "fillGradient": 4,
      "gridPos": {
        "h": 8,
        "w": 8,
        "x": 8,
        "y": 0
      },
      "hiddenSeries": false,
      "id": 58,
      "legend": {
        "alignAsTable": true,
        "avg": false,
        "current": true,
        "max": false,
        "min": false,
        "show": true,
        "total": false,
        "values": true
      },
      "lines": true,
      "linewidth": 2,
      "nullPointMode": "null",
      "options": {
        "alertThreshold": true
      },
      "percentage": false,
      "pluginVersion": "7.5.4",
      "pointradius": 2,
      "points": false,
      "renderer": "flot",
      "seriesOverrides": [],
      "spaceLength": 10,
      "stack": false,
      "steppedLine": false,
      "targets": [
        {
          "exemplar": true,
          "expr": "neo4j_database_[[Database]]_transaction_active_read{job=~\"$prometheus_job\"}",
          "interval": "",
          "legendFormat": "[[Database]]_transaction_active_read - {{hostname}}",
          "refId": "A"
        },
        {
          "exemplar": true,
          "expr": "neo4j_database_[[Database]]_transaction_active_write{job=~\"$prometheus_job\"}",
          "interval": "",
          "legendFormat": "[[Database]]_transaction_active_write - {{hostname}}",
          "refId": "B"
        }
      ],
      "thresholds": [],
      "timeFrom": null,
      "timeRegions": [],
      "timeShift": null,
      "title": "Active Transactions",
      "tooltip": {
        "shared": true,
        "sort": 0,
        "value_type": "individual"
      },
      "type": "graph",
      "xaxis": {
        "buckets": null,
        "mode": "time",
        "name": null,
        "show": true,
        "values": []
      },
      "yaxes": [
        {
          "$$hashKey": "object:302",
          "format": "short",
          "label": null,
          "logBase": 1,
          "max": null,
          "min": null,
          "show": true
        },
        {
          "$$hashKey": "object:303",
          "format": "short",
          "label": null,
          "logBase": 1,
          "max": null,
          "min": null,
          "show": true
        }
      ],
      "yaxis": {
        "align": false,
        "alignLevel": null
      }
    },
    {
      "aliasColors": {},
      "bars": false,
      "dashLength": 10,
      "dashes": false,
      "datasource": null,
      "fieldConfig": {
        "defaults": {},
        "overrides": []
      },
      "fill": 1,
      "fillGradient": 0,
      "gridPos": {
        "h": 8,
        "w": 8,
        "x": 16,
        "y": 0
      },
      "hiddenSeries": false,
      "id": 54,
      "legend": {
        "alignAsTable": true,
        "avg": true,
        "current": true,
        "max": true,
        "min": true,
        "show": true,
        "total": false,
        "values": true
      },
      "lines": true,
      "linewidth": 1,
      "nullPointMode": "null",
      "options": {
        "alertThreshold": true
      },
      "percentage": false,
      "pluginVersion": "7.5.4",
      "pointradius": 2,
      "points": false,
      "renderer": "flot",
      "seriesOverrides": [],
      "spaceLength": 10,
      "stack": false,
      "steppedLine": false,
      "targets": [
        {
          "exemplar": true,
          "expr": "rate(neo4j_database_[[Database]]_check_point_total_time_total{job=~\"$prometheus_job\"}[$interval])",
          "interval": "",
          "legendFormat": "[[Database]] DB Checkpoint Duration - {{hostname}}",
          "refId": "A"
        }
      ],
      "thresholds": [],
      "timeFrom": null,
      "timeRegions": [],
      "timeShift": null,
      "title": "Checkpoint Duration",
      "tooltip": {
        "shared": true,
        "sort": 0,
        "value_type": "individual"
      },
      "type": "graph",
      "xaxis": {
        "buckets": null,
        "mode": "time",
        "name": null,
        "show": true,
        "values": []
      },
      "yaxes": [
        {
          "$$hashKey": "object:281",
          "format": "short",
          "label": null,
          "logBase": 1,
          "max": null,
          "min": null,
          "show": true
        },
        {
          "$$hashKey": "object:282",
          "format": "short",
          "label": null,
          "logBase": 1,
          "max": null,
          "min": null,
          "show": true
        }
      ],
      "yaxis": {
        "align": false,
        "alignLevel": null
      }
    },
    {
      "datasource": "$job",
      "fieldConfig": {
        "defaults": {
          "links": [],
          "mappings": [],
          "thresholds": {
            "mode": "percentage",
            "steps": [
              {
                "color": "#33a2e5",
                "value": null
              },
              {
                "color": "#33a2e5",
                "value": 150
              }
            ]
          },
          "unit": "decbytes"
        },
        "overrides": []
      },
      "gridPos": {
        "h": 4,
        "w": 8,
        "x": 0,
        "y": 4
      },
      "id": 90,
      "options": {
        "colorMode": "background",
        "graphMode": "none",
        "justifyMode": "auto",
        "orientation": "horizontal",
        "reduceOptions": {
          "calcs": [
            "mean"
          ],
          "fields": "",
          "values": false
        },
        "text": {},
        "textMode": "value_and_name"
      },
      "pluginVersion": "7.5.4",
      "targets": [
        {
          "exemplar": true,
          "expr": "neo4j_database_[[Database]]_store_size_database{hostname=\"$leader\"}",
          "interval": "",
          "legendFormat": "Database Size          ",
          "refId": "B"
        },
        {
          "exemplar": true,
          "expr": "neo4j_database_[[Database]]_store_size_total{hostname=\"$leader\"}-neo4j_database_[[Database]]_store_size_database{hostname=\"$leader\"}",
          "hide": false,
          "interval": "",
          "legendFormat": "Transaction Log Size",
          "refId": "C"
        }
      ],
      "timeFrom": null,
      "timeShift": null,
      "title": "Store Size on Disk",
      "type": "stat"
    },
    {
      "aliasColors": {},
      "bars": false,
      "dashLength": 10,
      "dashes": false,
      "datasource": null,
      "fieldConfig": {
        "defaults": {},
        "overrides": []
      },
      "fill": 4,
      "fillGradient": 4,
      "gridPos": {
        "h": 8,
        "w": 8,
        "x": 0,
        "y": 8
      },
      "hiddenSeries": false,
      "id": 60,
      "legend": {
        "alignAsTable": true,
        "avg": false,
        "current": true,
        "max": false,
        "min": false,
        "rightSide": false,
        "show": true,
        "total": false,
        "values": true
      },
      "lines": true,
      "linewidth": 2,
      "nullPointMode": "null",
      "options": {
        "alertThreshold": true
      },
      "percentage": false,
      "pluginVersion": "7.5.4",
      "pointradius": 2,
      "points": false,
      "renderer": "flot",
      "seriesOverrides": [],
      "spaceLength": 10,
      "stack": false,
      "steppedLine": true,
      "targets": [
        {
          "exemplar": true,
          "expr": "neo4j_database_[[Database]]_transaction_committed_total{job=~\"$prometheus_job\"}",
          "interval": "",
          "legendFormat": "neo4j_[[Database]]_transaction_committed_total  - {{hostname}}",
          "refId": "A"
        },
        {
          "exemplar": true,
          "expr": "neo4j_database_[[Database]]_transaction_committed_read_total{job=~\"$prometheus_job\"}",
          "interval": "",
          "legendFormat": "neo4j_[[Database]]_transaction_committed_read_total - {{hostname}}",
          "refId": "B"
        },
        {
          "exemplar": true,
          "expr": "neo4j_database_[[Database]]_transaction_committed_write_total{job=~\"$prometheus_job\"}",
          "interval": "",
          "legendFormat": "neo4j_[[Database]]_transaction_committed_write_total - {{hostname}}",
          "refId": "C"
        }
      ],
      "thresholds": [],
      "timeFrom": null,
      "timeRegions": [],
      "timeShift": null,
      "title": "Committed Transactions",
      "tooltip": {
        "shared": true,
        "sort": 0,
        "value_type": "individual"
      },
      "type": "graph",
      "xaxis": {
        "buckets": null,
        "mode": "time",
        "name": null,
        "show": true,
        "values": []
      },
      "yaxes": [
        {
          "$$hashKey": "object:57",
          "format": "short",
          "label": null,
          "logBase": 1,
          "max": null,
          "min": null,
          "show": true
        },
        {
          "$$hashKey": "object:58",
          "format": "short",
          "label": null,
          "logBase": 1,
          "max": null,
          "min": null,
          "show": true
        }
      ],
      "yaxis": {
        "align": false,
        "alignLevel": null
      }
    },
    {
      "aliasColors": {},
      "bars": false,
      "dashLength": 10,
      "dashes": false,
      "datasource": null,
      "fieldConfig": {
        "defaults": {},
        "overrides": []
      },
      "fill": 1,
      "fillGradient": 0,
      "gridPos": {
        "h": 8,
        "w": 8,
        "x": 8,
        "y": 8
      },
      "hiddenSeries": false,
      "id": 88,
      "legend": {
        "alignAsTable": true,
        "avg": true,
        "current": true,
        "max": true,
        "min": true,
        "show": true,
        "total": false,
        "values": true
      },
      "lines": true,
      "linewidth": 1,
      "nullPointMode": "null",
      "options": {
        "alertThreshold": true
      },
      "percentage": false,
      "pluginVersion": "7.5.4",
      "pointradius": 2,
      "points": false,
      "renderer": "flot",
      "seriesOverrides": [],
      "spaceLength": 10,
      "stack": false,
      "steppedLine": false,
      "targets": [
        {
          "exemplar": true,
          "expr": "rate(neo4j_database_[[Database]]_transaction_committed_total{job=\"$prometheus_job\"}[$interval])",
          "interval": "",
          "legendFormat": "[[Database]] Transactions per second - {{hostname}}",
          "refId": "A"
        },
        {
          "exemplar": true,
          "expr": "neo4j_database_[[Database]]_transaction_committed_total{job=\"$prometheus_job\"}",
          "hide": false,
          "interval": "",
          "legendFormat": "[[Database]] Transactions Total- {{hostname}}",
          "refId": "B"
        }
      ],
      "thresholds": [],
      "timeFrom": null,
      "timeRegions": [],
      "timeShift": null,
      "title": "Transactions Per Second",
      "tooltip": {
        "shared": true,
        "sort": 0,
        "value_type": "individual"
      },
      "type": "graph",
      "xaxis": {
        "buckets": null,
        "mode": "time",
        "name": null,
        "show": true,
        "values": []
      },
      "yaxes": [
        {
          "$$hashKey": "object:720",
          "format": "short",
          "label": null,
          "logBase": 1,
          "max": null,
          "min": null,
          "show": true
        },
        {
          "$$hashKey": "object:721",
          "format": "short",
          "label": null,
          "logBase": 1,
          "max": null,
          "min": null,
          "show": true
        }
      ],
      "yaxis": {
        "align": false,
        "alignLevel": null
      }
    },
    {
      "aliasColors": {},
      "bars": false,
      "dashLength": 10,
      "dashes": false,
      "datasource": "Prometheus",
      "description": "\"Track this for each Core cluster member, and each Read Replica. \nMight break into separate charts. It should show one line, ever increasing, and if one of the lines levels off or falls behind, it is clear that this member is no longer replicating data and action is needed to rectify this situation.\"\n",
      "fieldConfig": {
        "defaults": {
          "links": []
        },
        "overrides": []
      },
      "fill": 1,
      "fillGradient": 0,
      "gridPos": {
        "h": 8,
        "w": 8,
        "x": 16,
        "y": 8
      },
      "hiddenSeries": false,
      "id": 14,
      "legend": {
        "alignAsTable": true,
        "avg": false,
        "current": true,
        "max": false,
        "min": false,
        "show": true,
        "total": false,
        "values": true
      },
      "lines": true,
      "linewidth": 1,
      "nullPointMode": "null",
      "options": {
        "alertThreshold": true
      },
      "percentage": false,
      "pluginVersion": "7.5.4",
      "pointradius": 2,
      "points": false,
      "renderer": "flot",
      "seriesOverrides": [],
      "spaceLength": 10,
      "stack": false,
      "steppedLine": false,
      "targets": [
        {
          "exemplar": true,
          "expr": "neo4j_database_[[Database]]_transaction_last_committed_tx_id_total{job=~\"$prometheus_job\"}\r",
          "interval": "",
          "legendFormat": "[[Database]]_transaction_last_committed_tx_id_total - {{hostname}}",
          "refId": "A"
        },
        {
          "exemplar": true,
          "expr": "neo4j_database_[[Database﻿﻿﻿﻿﻿﻿﻿]]_transaction_last_committed_tx_id_﻿tota﻿﻿﻿﻿﻿l﻿{﻿﻿﻿﻿﻿﻿﻿﻿﻿﻿﻿﻿﻿instance﻿﻿﻿﻿﻿﻿﻿=~﻿﻿﻿﻿﻿﻿﻿\"192.168.136.225:2004\"﻿﻿﻿﻿﻿﻿﻿﻿﻿﻿﻿﻿﻿}",
          "hide": true,
          "interval": "",
          "legendFormat": "{{instance}}",
          "refId": "C"
        },
        {
          "exemplar": true,
          "expr": "neo4j_database_[[Database]]_transaction_last_committed_tx_id_total{instance=~\"192.168.136.226:2004\"}",
          "hide": true,
          "interval": "",
          "legendFormat": "{{instance}}",
          "refId": "D"
        },
        {
          "exemplar": true,
          "expr": "neo4j_database_[[Database]]_transaction_last_committed_tx_id_total{instance=~\"192.168.136.224:2004\"}",
          "hide": true,
          "interval": "",
          "legendFormat": "{{instance}}",
          "refId": "B"
        }
      ],
      "thresholds": [],
      "timeFrom": null,
      "timeRegions": [],
      "timeShift": null,
      "title": "Last Committed Transaction ID",
      "tooltip": {
        "shared": true,
        "sort": 0,
        "value_type": "individual"
      },
      "type": "graph",
      "xaxis": {
        "buckets": null,
        "mode": "time",
        "name": null,
        "show": true,
        "values": []
      },
      "yaxes": [
        {
          "format": "short",
          "label": null,
          "logBase": 1,
          "max": null,
          "min": null,
          "show": true
        },
        {
          "format": "short",
          "label": null,
          "logBase": 1,
          "max": null,
          "min": null,
          "show": true
        }
      ],
      "yaxis": {
        "align": false,
        "alignLevel": null
      }
    },
    {
      "aliasColors": {},
      "bars": false,
      "dashLength": 10,
      "dashes": false,
      "datasource": "Prometheus",
      "description": "Neo4j caches 1000 plans by default. Seeing sustained replanning events or large spikes could indicate an issue that needs to be investigated.",
      "fieldConfig": {
        "defaults": {
          "links": []
        },
        "overrides": []
      },
      "fill": 1,
      "fillGradient": 0,
      "gridPos": {
        "h": 7,
        "w": 8,
        "x": 0,
        "y": 16
      },
      "hiddenSeries": false,
      "id": 68,
      "legend": {
        "alignAsTable": true,
        "avg": false,
        "current": true,
        "max": false,
        "min": false,
        "show": true,
        "total": false,
        "values": true
      },
      "lines": true,
      "linewidth": 1,
      "nullPointMode": "null",
      "options": {
        "alertThreshold": true
      },
      "percentage": false,
      "pluginVersion": "7.5.4",
      "pointradius": 2,
      "points": false,
      "renderer": "flot",
      "seriesOverrides": [],
      "spaceLength": 10,
      "stack": false,
      "steppedLine": false,
      "targets": [
        {
          "exemplar": true,
          "expr": "neo4j_database_[[Database]]_cypher_replan_events_total{job=~\"$prometheus_job\"}",
          "interval": "",
          "legendFormat": "[[Database]]_cypher_replan_events_total - {{hostname}}",
          "refId": "A"
        }
      ],
      "thresholds": [],
      "timeFrom": null,
      "timeRegions": [],
      "timeShift": null,
      "title": "Cypher Replan Events",
      "tooltip": {
        "shared": true,
        "sort": 0,
        "value_type": "individual"
      },
      "type": "graph",
      "xaxis": {
        "buckets": null,
        "mode": "time",
        "name": null,
        "show": true,
        "values": []
      },
      "yaxes": [
        {
          "$$hashKey": "object:198",
          "format": "short",
          "label": null,
          "logBase": 1,
          "max": null,
          "min": null,
          "show": true
        },
        {
          "$$hashKey": "object:199",
          "format": "short",
          "label": null,
          "logBase": 1,
          "max": null,
          "min": null,
          "show": true
        }
      ],
      "yaxis": {
        "align": false,
        "alignLevel": null
      }
    },
    {
      "aliasColors": {},
      "bars": false,
      "dashLength": 10,
      "dashes": false,
      "datasource": "Prometheus",
      "description": "Performance relies on efficiently using the page cache, so this metric should be in the 98-100% range consistently. If it is much lower than that, then the database is going to disk too often.",
      "fieldConfig": {
        "defaults": {
          "links": []
        },
        "overrides": []
      },
      "fill": 1,
      "fillGradient": 0,
      "gridPos": {
        "h": 7,
        "w": 8,
        "x": 8,
        "y": 16
      },
      "hiddenSeries": false,
      "id": 80,
      "legend": {
        "avg": false,
        "current": false,
        "max": false,
        "min": false,
        "show": true,
        "total": false,
        "values": false
      },
      "lines": true,
      "linewidth": 1,
      "nullPointMode": "null",
      "options": {
        "alertThreshold": true
      },
      "percentage": false,
      "pluginVersion": "7.5.4",
      "pointradius": 2,
      "points": false,
      "renderer": "flot",
      "seriesOverrides": [],
      "spaceLength": 10,
      "stack": false,
      "steppedLine": false,
      "targets": [
        {
          "exemplar": true,
          "expr": "neo4j_dbms_page_cache_hit_ratio{}",
          "interval": "",
          "legendFormat": "",
          "refId": "A"
        }
      ],
      "thresholds": [],
      "timeFrom": null,
      "timeRegions": [],
      "timeShift": null,
      "title": "Pagecache Hit Ratio",
      "tooltip": {
        "shared": true,
        "sort": 0,
        "value_type": "individual"
      },
      "type": "graph",
      "xaxis": {
        "buckets": null,
        "mode": "time",
        "name": null,
        "show": true,
        "values": []
      },
      "yaxes": [
        {
          "$$hashKey": "object:1260",
          "format": "short",
          "label": null,
          "logBase": 1,
          "max": null,
          "min": null,
          "show": true
        },
        {
          "$$hashKey": "object:1261",
          "format": "short",
          "label": null,
          "logBase": 1,
          "max": null,
          "min": null,
          "show": true
        }
      ],
      "yaxis": {
        "align": false,
        "alignLevel": null
      }
    },
    {
      "aliasColors": {},
      "bars": false,
      "dashLength": 10,
      "dashes": false,
      "datasource": "Prometheus",
      "description": "The total number of page faults happened in the page cache\n\n",
      "fieldConfig": {
        "defaults": {
          "links": []
        },
        "overrides": []
      },
      "fill": 1,
      "fillGradient": 0,
      "gridPos": {
        "h": 7,
        "w": 8,
        "x": 16,
        "y": 16
      },
      "hiddenSeries": false,
      "id": 78,
      "legend": {
        "avg": false,
        "current": false,
        "max": false,
        "min": false,
        "show": true,
        "total": false,
        "values": false
      },
      "lines": true,
      "linewidth": 1,
      "nullPointMode": "null",
      "options": {
        "alertThreshold": true
      },
      "percentage": false,
      "pluginVersion": "7.5.4",
      "pointradius": 2,
      "points": false,
      "renderer": "flot",
      "seriesOverrides": [],
      "spaceLength": 10,
      "stack": false,
      "steppedLine": false,
      "targets": [
        {
          "exemplar": true,
          "expr": "irate(neo4j_dbms_page_cache_page_faults_total{}[$interval])",
          "hide": false,
          "interval": "",
          "legendFormat": "",
          "refId": "A"
        },
        {
          "exemplar": true,
          "expr": "neo4j_dbms_page_cache_page_faults_total{instance=~\"$neo4j_instance\"}",
          "hide": true,
          "interval": "",
          "legendFormat": "",
          "refId": "B"
        }
      ],
      "thresholds": [],
      "timeFrom": null,
      "timeRegions": [],
      "timeShift": null,
      "title": "Page Cache Total Faults",
      "tooltip": {
        "shared": true,
        "sort": 0,
        "value_type": "individual"
      },
      "type": "graph",
      "xaxis": {
        "buckets": null,
        "mode": "time",
        "name": null,
        "show": true,
        "values": []
      },
      "yaxes": [
        {
          "$$hashKey": "object:2120",
          "format": "short",
          "label": null,
          "logBase": 1,
          "max": null,
          "min": null,
          "show": true
        },
        {
          "$$hashKey": "object:2121",
          "format": "short",
          "label": null,
          "logBase": 1,
          "max": null,
          "min": null,
          "show": true
        }
      ],
      "yaxis": {
        "align": false,
        "alignLevel": null
      }
    }
  ],
  "refresh": false,
  "schemaVersion": 27,
  "style": "dark",
  "tags": [
    "dashboardlist"
  ],
  "templating": {
    "list": [
      {
        "current": {
          "selected": false,
          "text": "Prometheus",
          "value": "Prometheus"
        },
        "description": null,
        "error": null,
        "hide": 2,
        "includeAll": false,
        "label": null,
        "multi": false,
        "name": "job",
        "options": [],
        "query": "prometheus",
        "queryValue": "",
        "refresh": 1,
        "regex": "",
        "skipUrlSync": false,
        "type": "datasource"
      },
      {
        "description": null,
        "error": null,
        "hide": 2,
        "label": null,
        "name": "prometheus_job",
        "query": "DTA_Neo4j_CC-Demo",
        "skipUrlSync": false,
        "type": "constant"
      },
      {
        "allValue": null,
        "current": {
          "selected": false,
          "text": "All",
          "value": "$__all"
        },
        "datasource": "Prometheus",
        "definition": "label_values(instance)",
        "description": null,
        "error": null,
        "hide": 2,
        "includeAll": true,
        "label": null,
        "multi": true,
        "name": "Instance",
        "options": [],
        "query": {
          "query": "label_values(instance)",
          "refId": "Prometheus-Instance-Variable-Query"
        },
        "refresh": 1,
        "regex": "/^(.*?)\\:2004/",
        "skipUrlSync": false,
        "sort": 0,
        "tagValuesQuery": "",
        "tags": [],
        "tagsQuery": "",
        "type": "query",
        "useTags": false
      },
      {
        "allValue": null,
        "current": {
          "selected": false,
          "text": "All",
          "value": "$__all"
        },
        "datasource": "Prometheus",
        "definition": "label_values(hostname)",
        "description": null,
        "error": null,
        "hide": 2,
        "includeAll": true,
        "label": "Neo4j Instance",
        "multi": false,
        "name": "neo4j_instance",
        "options": [],
        "query": {
          "query": "label_values(hostname)",
          "refId": "StandardVariableQuery"
        },
        "refresh": 2,
        "regex": "",
        "skipUrlSync": false,
        "sort": 0,
        "tagValuesQuery": "",
        "tags": [],
        "tagsQuery": "",
        "type": "query",
        "useTags": false
      },
      {
        "allValue": null,
        "current": {
          "selected": false,
          "text": "neo4j",
          "value": "neo4j"
        },
        "datasource": "Prometheus",
        "definition": "metrics(_store_size)",
        "description": null,
        "error": null,
        "hide": 0,
        "includeAll": false,
        "label": null,
        "multi": false,
        "name": "Database",
        "options": [],
        "query": {
          "query": "metrics(_store_size)",
          "refId": "Prometheus-Database-Variable-Query"
        },
        "refresh": 1,
        "regex": ".*_([^_]+)_store.*",
        "skipUrlSync": false,
        "sort": 5,
        "tagValuesQuery": "",
        "tags": [],
        "tagsQuery": "",
        "type": "query",
        "useTags": false
      },
      {
        "auto": true,
        "auto_count": 30,
        "auto_min": "10s",
        "current": {
          "selected": false,
          "text": "auto",
          "value": "$__auto_interval_interval"
        },
        "description": null,
        "error": null,
        "hide": 2,
        "label": null,
        "name": "interval",
        "options": [
          {
            "selected": true,
            "text": "auto",
            "value": "$__auto_interval_interval"
          },
          {
            "selected": false,
            "text": "1m",
            "value": "1m"
          },
          {
            "selected": false,
            "text": "10m",
            "value": "10m"
          },
          {
            "selected": false,
            "text": "30m",
            "value": "30m"
          },
          {
            "selected": false,
            "text": "1h",
            "value": "1h"
          },
          {
            "selected": false,
            "text": "6h",
            "value": "6h"
          },
          {
            "selected": false,
            "text": "12h",
            "value": "12h"
          },
          {
            "selected": false,
            "text": "1d",
            "value": "1d"
          },
          {
            "selected": false,
            "text": "7d",
            "value": "7d"
          },
          {
            "selected": false,
            "text": "14d",
            "value": "14d"
          },
          {
            "selected": false,
            "text": "30d",
            "value": "30d"
          }
        ],
        "query": "1m,10m,30m,1h,6h,12h,1d,7d,14d,30d",
        "queryValue": "",
        "refresh": 2,
        "skipUrlSync": false,
        "type": "interval"
      },
      {
        "allValue": null,
        "current": {
          "selected": false,
          "text": "neo4j-lab-gr-02",
          "value": "neo4j-lab-gr-02"
        },
        "datasource": null,
        "definition": "query_result(neo4j_database_[[Database]]_cluster_raft_is_leader>0)",
        "description": null,
        "error": null,
        "hide": 2,
        "includeAll": false,
        "label": "Leader",
        "multi": false,
        "name": "leader",
        "options": [],
        "query": {
          "query": "query_result(neo4j_database_[[Database]]_cluster_raft_is_leader>0)",
          "refId": "StandardVariableQuery"
        },
        "refresh": 2,
        "regex": "/hostname.\"([^\"]+)\"/",
        "skipUrlSync": false,
        "sort": 0,
        "tagValuesQuery": "",
        "tags": [],
        "tagsQuery": "",
        "type": "query",
        "useTags": false
      }
    ]
  },
  "time": {
    "from": "now-15m",
    "to": "now"
  },
  "timepicker": {
    "nowDelay": "",
    "refresh_intervals": [
      "5s",
      "10s",
      "30s",
      "1m",
      "5m",
      "15m",
      "30m",
      "1h",
      "2h",
      "1d"
    ]
  },
  "timezone": "utc",
  "title": "DB Dashboard",
  "uid": "syRRMlm7k",
  "version": 8
}